sample	site	well	barcode	index	run	lat	long	duplicate
SLD_006	SLD	A1	GCATG	ATCACG	1	60.44164	-0.65918	TRUE
SLD_007	SLD	A2	AACCA	ATCACG	1	60.44164	-0.65918	FALSE
SLD_009	SLD	A3	CGATC	ATCACG	1	60.44164	-0.65918	FALSE
SLD_010	SLD	A4	TCGAT	ATCACG	1	60.44164	-0.65918	FALSE
SLD_013	SLD	A5	TGCAT	ATCACG	1	60.44164	-0.65918	FALSE
SLD_014	SLD	A6	CAACC	ATCACG	1	60.44164	-0.65918	FALSE
SLD_016	SLD	A7	GGTTG	ATCACG	1	60.44164	-0.65918	FALSE
ESP_001	ESP	A8	AAGGA	ATCACG	1	42.56056	-8.949167	FALSE
ESP_003	ESP	A9	AGCTA	ATCACG	1	42.56056	-8.949167	FALSE
ESP_004	ESP	A10	ACACA	ATCACG	1	42.56056	-8.949167	FALSE
ESP_005	ESP	A11	AATTA	ATCACG	1	42.56056	-8.949167	FALSE
SNO_001	SNO	A12	ACGGT	ATCACG	1	60.899724	4.042969	FALSE
SNO_002	SNO	B1	ACTGG	ATCACG	1	60.899724	4.042969	FALSE
SNO_003	SNO	B2	ACTTC	ATCACG	1	60.899724	4.042969	FALSE
SNO_004	SNO	B3	ATACG	ATCACG	1	60.899724	4.042969	FALSE
NNO_001	NNO	B4	ATGAG	ATCACG	1	65.240607	10.195313	FALSE
NNO_002	NNO	B5	ATTAC	ATCACG	1	65.240607	10.195313	FALSE
NNO_003	NNO	B6	CATAT	ATCACG	1	65.240607	10.195313	FALSE
NNO_004	NNO	B7	CGAAT	ATCACG	1	65.240607	10.195313	FALSE
NW_344	NW	B8	CGGCT	ATCACG	1	58.090945	-5.888672	FALSE
NW_348	NW	B9	CGGTA	ATCACG	1	58.090945	-5.888672	FALSE
NW_353	NW	B10	CGTAC	ATCACG	1	58.090945	-5.888672	FALSE
NW_362	NW	B11	CGTCG	ATCACG	1	58.090945	-5.888672	FALSE
NW_367	NW	B12	CTGAT	ATCACG	1	58.090945	-5.888672	FALSE
NE_133	NE	C1	CTGCG	ATCACG	1	58.034644	-2.834473	FALSE
NE_136	NE	C2	CTGTC	ATCACG	1	58.034644	-2.834473	FALSE
NE_139	NE	C3	CTTGG	ATCACG	1	58.034644	-2.834473	FALSE
NE_283	NE	C4	GACAC	ATCACG	1	58.034644	-2.834473	FALSE
NE_258	NE	C5	GAGAT	ATCACG	1	58.034644	-2.834473	FALSE
NE_263	NE	C6	GAGTC	ATCACG	1	58.034644	-2.834473	FALSE
SLD_018	SLD	E1	GCATG	TTAGGC	1	60.44164	-0.65918	FALSE
SLD_019	SLD	E2	AACCA	TTAGGC	1	60.44164	-0.65918	FALSE
SLD_020	SLD	E3	CGATC	TTAGGC	1	60.44164	-0.65918	FALSE
SLD_021	SLD	E4	TCGAT	TTAGGC	1	60.44164	-0.65918	FALSE
SLD_022	SLD	E5	TGCAT	TTAGGC	1	60.44164	-0.65918	FALSE
ESP_006	ESP	E6	CAACC	TTAGGC	1	42.56056	-8.949167	FALSE
ESP_008	ESP	E7	GGTTG	TTAGGC	1	42.56056	-8.949167	FALSE
ESP_009	ESP	E8	AAGGA	TTAGGC	1	42.56056	-8.949167	FALSE
ESP_010	ESP	E9	AGCTA	TTAGGC	1	42.56056	-8.949167	FALSE
SNO_005	SNO	E10	ACACA	TTAGGC	1	60.899724	4.042969	FALSE
SNO_006	SNO	E11	AATTA	TTAGGC	1	60.899724	4.042969	FALSE
SNO_007	SNO	E12	ACGGT	TTAGGC	1	60.899724	4.042969	FALSE
NNO_005	NNO	F1	ACTGG	TTAGGC	1	65.240607	10.195313	FALSE
NNO_006	NNO	F2	ACTTC	TTAGGC	1	65.240607	10.195313	FALSE
NNO_007	NNO	F3	ATACG	TTAGGC	1	65.240607	10.195313	FALSE
NNO_008	NNO	F4	ATGAG	TTAGGC	1	65.240607	10.195313	FALSE
NW_386	NW	F5	ATTAC	TTAGGC	1	58.090945	-5.888672	FALSE
NW_392	NW	F6	CATAT	TTAGGC	1	58.090945	-5.888672	FALSE
NW_395	NW	F7	CGAAT	TTAGGC	1	58.090945	-5.888672	FALSE
NW_397	NW	F8	CGGCT	TTAGGC	1	58.090945	-5.888672	FALSE
NW_400	NW	F9	CGGTA	TTAGGC	1	58.090945	-5.888672	FALSE
NW_405	NW	F10	CGTAC	TTAGGC	1	58.090945	-5.888672	FALSE
NW_533	NW	F11	CGTCG	TTAGGC	1	58.090945	-5.888672	FALSE
NW_538	NW	F12	CTGAT	TTAGGC	1	58.090945	-5.888672	FALSE
NE_268	NE	G1	CTGCG	TTAGGC	1	58.034644	-2.834473	FALSE
NE_1095	NE	G2	CTGTC	TTAGGC	1	58.034644	-2.834473	FALSE
NE_289	NE	G3	CTTGG	TTAGGC	1	58.034644	-2.834473	FALSE
NE_292	NE	G4	GACAC	TTAGGC	1	58.034644	-2.834473	FALSE
NE_684	NE	G5	GAGAT	TTAGGC	1	58.034644	-2.834473	FALSE
NE_592	NE	G6	GAGTC	TTAGGC	1	58.034644	-2.834473	FALSE
SLD_023	SLD	A1	GCATG	ACAGTG	1	60.44164	-0.65918	FALSE
SLD_024	SLD	A2	AACCA	ACAGTG	1	60.44164	-0.65918	FALSE
SLD_025	SLD	A3	CGATC	ACAGTG	1	60.44164	-0.65918	FALSE
SLD_026	SLD	A4	TCGAT	ACAGTG	1	60.44164	-0.65918	FALSE
SLD_027	SLD	A5	TGCAT	ACAGTG	1	60.44164	-0.65918	FALSE
SLD_030	SLD	A6	CAACC	ACAGTG	1	60.44164	-0.65918	FALSE
SLD_031	SLD	A7	GGTTG	ACAGTG	1	60.44164	-0.65918	FALSE
SLD_032	SLD	A8	AAGGA	ACAGTG	1	60.44164	-0.65918	FALSE
ESP_011	ESP	A9	AGCTA	ACAGTG	1	42.56056	-8.949167	FALSE
ESP_013	ESP	A10	ACACA	ACAGTG	1	42.56056	-8.949167	FALSE
ESP_014	ESP	A11	AATTA	ACAGTG	1	42.56056	-8.949167	FALSE
ESP_015	ESP	A12	ACGGT	ACAGTG	1	42.56056	-8.949167	FALSE
SNO_008	SNO	B1	ACTGG	ACAGTG	1	60.899724	4.042969	FALSE
SNO_009	SNO	B2	ACTTC	ACAGTG	1	60.899724	4.042969	FALSE
SNO_011	SNO	B3	ATACG	ACAGTG	1	60.899724	4.042969	FALSE
SNO_012	SNO	B4	ATGAG	ACAGTG	1	60.899724	4.042969	FALSE
NNO_009	NNO	B5	ATTAC	ACAGTG	1	65.240607	10.195313	FALSE
NNO_010	NNO	B6	CATAT	ACAGTG	1	65.240607	10.195313	FALSE
NNO_011	NNO	B7	CGAAT	ACAGTG	1	65.240607	10.195313	FALSE
NW_543	NW	B8	CGGCT	ACAGTG	1	58.090945	-5.888672	FALSE
NW_547	NW	B9	CGGTA	ACAGTG	1	58.090945	-5.888672	FALSE
NW_553	NW	B10	CGTAC	ACAGTG	1	58.090945	-5.888672	FALSE
NW_372	NW	B11	CGTCG	ACAGTG	1	58.090945	-5.888672	FALSE
ESP_002	ESP	B12	CTGAT	ACAGTG	1	42.56056	-8.949167	FALSE
NW_573	NW	C1	CTGCG	ACAGTG	1	58.090945	-5.888672	FALSE
NE_597	NE	C2	CTGTC	ACAGTG	1	58.034644	-2.834473	FALSE
NE_653	NE	C3	CTTGG	ACAGTG	1	58.034644	-2.834473	FALSE
NE_658	NE	C4	GACAC	ACAGTG	1	58.034644	-2.834473	FALSE
NE_660	NE	C5	GAGAT	ACAGTG	1	58.034644	-2.834473	FALSE
NE_661	NE	C6	GAGTC	ACAGTG	1	58.034644	-2.834473	FALSE
SLD_033	SLD	E1	GCATG	CAGATC	1	60.44164	-0.65918	FALSE
SLD_034	SLD	E2	AACCA	CAGATC	1	60.44164	-0.65918	FALSE
SLD_037	SLD	E3	CGATC	CAGATC	1	60.44164	-0.65918	FALSE
ESP_016	ESP	E4	TCGAT	CAGATC	1	42.56056	-8.949167	TRUE
ESP_017	ESP	E5	TGCAT	CAGATC	1	42.56056	-8.949167	TRUE
SNO_013	SNO	E6	CAACC	CAGATC	1	60.899724	4.042969	FALSE
SNO_014	SNO	E7	GGTTG	CAGATC	1	60.899724	4.042969	FALSE
SNO_016	SNO	E8	AAGGA	CAGATC	1	60.899724	4.042969	TRUE
SNO_017	SNO	E9	AGCTA	CAGATC	1	60.899724	4.042969	TRUE
NNO_012	NNO	E10	ACACA	CAGATC	1	65.240607	10.195313	FALSE
NNO_013	NNO	E11	AATTA	CAGATC	1	65.240607	10.195313	FALSE
NNO_014	NNO	E12	ACGGT	CAGATC	1	65.240607	10.195313	FALSE
NW_580	NW	F1	ACTGG	CAGATC	1	58.090945	-5.888672	FALSE
NW_613	NW	F2	ACTTC	CAGATC	1	58.090945	-5.888672	FALSE
NW_615	NW	F3	ATACG	CAGATC	1	58.090945	-5.888672	FALSE
NW_618	NW	F4	ATGAG	CAGATC	1	58.090945	-5.888672	FALSE
NW_743	NW	F5	ATTAC	CAGATC	1	58.090945	-5.888672	FALSE
NW_749	NW	F6	CATAT	CAGATC	1	58.090945	-5.888672	FALSE
NW_755	NW	F7	CGAAT	CAGATC	1	58.090945	-5.888672	FALSE
NW_759	NW	F8	CGGCT	CAGATC	1	58.090945	-5.888672	TRUE
NW_764	NW	F9	CGGTA	CAGATC	1	58.090945	-5.888672	TRUE
NE_665	NE	F10	CGTAC	CAGATC	1	58.034644	-2.834473	TRUE
NE_666	NE	F11	CGTCG	CAGATC	1	58.034644	-2.834473	TRUE
NE_673	NE	F12	CTGAT	CAGATC	1	58.034644	-2.834473	FALSE
NE_681	NE	G1	CTGCG	CAGATC	1	58.034644	-2.834473	FALSE
NE_689	NE	G2	CTGTC	CAGATC	1	58.034644	-2.834473	FALSE
NE_694	NE	G3	CTTGG	CAGATC	1	58.034644	-2.834473	FALSE
NE_698	NE	G4	GACAC	CAGATC	1	58.034644	-2.834473	FALSE
NE_734	NE	G5	GAGAT	CAGATC	1	58.034644	-2.834473	FALSE
NE_1043	NE	G6	GAGTC	CAGATC	1	58.034644	-2.834473	FALSE
SLD_038	SLD	A1	GCATG	ATCACG	2	60.44164	-0.65918	FALSE
SLD_039	SLD	A2	AACCA	ATCACG	2	60.44164	-0.65918	FALSE
SLD_041	SLD	A3	CGATC	ATCACG	2	60.44164	-0.65918	FALSE
SLD_046	SLD	A4	TCGAT	ATCACG	2	60.44164	-0.65918	FALSE
ESP_007	ESP	A5	TGCAT	ATCACG	2	42.56056	-8.949167	FALSE
ESP_012	ESP	A6	CAACC	ATCACG	2	42.56056	-8.949167	FALSE
NNO_015	NNO	A7	GGTTG	ATCACG	2	65.240607	10.195313	FALSE
NNO_016	NNO	A8	AAGGA	ATCACG	2	65.240607	10.195313	FALSE
NE_1046	NE	A9	AGCTA	ATCACG	2	58.034644	-2.834473	FALSE
NE_1053	NE	A10	ACACA	ATCACG	2	58.034644	-2.834473	FALSE
NE_1057	NE	A11	AATTA	ATCACG	2	58.034644	-2.834473	FALSE
SE_053	SE	A12	ACGGT	ATCACG	2	56.766273	-1.669922	FALSE
SE_057	SE	B1	ACTGG	ATCACG	2	56.766273	-1.669922	FALSE
SE_062	SE	B2	ACTTC	ATCACG	2	56.766273	-1.669922	FALSE
SE_067	SE	B3	ATACG	ATCACG	2	56.766273	-1.669922	FALSE
SE_071	SE	B4	ATGAG	ATCACG	2	56.766273	-1.669922	FALSE
SE_074	SE	B5	ATTAC	ATCACG	2	56.766273	-1.669922	FALSE
SE_079	SE	B6	CATAT	ATCACG	2	56.766273	-1.669922	FALSE
SE_082	SE	B7	CGAAT	ATCACG	2	56.766273	-1.669922	FALSE
SE_088	SE	B8	CGGCT	ATCACG	2	56.766273	-1.669922	FALSE
SW_426	SW	B9	CGGTA	ATCACG	2	56.087746	-6.503906	FALSE
SW_429	SW	B10	CGTAC	ATCACG	2	56.087746	-6.503906	FALSE
SW_433	SW	B11	CGTCG	ATCACG	2	56.087746	-6.503906	FALSE
SW_435	SW	B12	CTGAT	ATCACG	2	56.087746	-6.503906	FALSE
SW_436	SW	C1	CTGCG	ATCACG	2	56.087746	-6.503906	FALSE
SW_438	SW	C2	CTGTC	ATCACG	2	56.087746	-6.503906	FALSE
SW_440	SW	C3	CTTGG	ATCACG	2	56.087746	-6.503906	FALSE
SW_443	SW	C4	GACAC	ATCACG	2	56.087746	-6.503906	FALSE
SW_449	SW	C5	GAGAT	ATCACG	2	56.087746	-6.503906	FALSE
SW_452	SW	C6	GAGTC	ATCACG	2	56.087746	-6.503906	FALSE
SLD_049	SLD	E1	GCATG	TTAGGC	2	60.44164	-0.65918	FALSE
SLD_050	SLD	E2	AACCA	TTAGGC	2	60.44164	-0.65918	FALSE
SLD_052	SLD	E3	CGATC	TTAGGC	2	60.44164	-0.65918	FALSE
ESP_019	ESP	E4	TCGAT	TTAGGC	2	42.56056	-8.949167	FALSE
ESP_020	ESP	E5	TGCAT	TTAGGC	2	42.56056	-8.949167	FALSE
NNO_017	NNO	E6	CAACC	TTAGGC	2	65.240607	10.195313	FALSE
NNO_018	NNO	E7	GGTTG	TTAGGC	2	65.240607	10.195313	FALSE
NE_1062	NE	E8	AAGGA	TTAGGC	2	58.034644	-2.834473	FALSE
NE_1063	NE	E9	AGCTA	TTAGGC	2	58.034644	-2.834473	FALSE
NE_1086	NE	E10	ACACA	TTAGGC	2	58.034644	-2.834473	FALSE
NE_1091	NE	E11	AATTA	TTAGGC	2	58.034644	-2.834473	FALSE
SE_103	SE	E12	ACGGT	TTAGGC	2	56.766273	-1.669922	FALSE
SE_106	SE	F1	ACTGG	TTAGGC	2	56.766273	-1.669922	FALSE
SE_109	SE	F2	ACTTC	TTAGGC	2	56.766273	-1.669922	FALSE
SE_115	SE	F3	ATACG	TTAGGC	2	56.766273	-1.669922	FALSE
SE_120	SE	F4	ATGAG	TTAGGC	2	56.766273	-1.669922	FALSE
SE_156	SE	F5	ATTAC	TTAGGC	2	56.766273	-1.669922	FALSE
SE_161	SE	F6	CATAT	TTAGGC	2	56.766273	-1.669922	FALSE
SE_163	SE	F7	CGAAT	TTAGGC	2	56.766273	-1.669922	FALSE
SW_457	SW	F8	CGGCT	TTAGGC	2	56.087746	-6.503906	FALSE
SW_461	SW	F9	CGGTA	TTAGGC	2	56.087746	-6.503906	FALSE
SW_463	SW	F10	CGTAC	TTAGGC	2	56.087746	-6.503906	FALSE
SW_465	SW	F11	CGTCG	TTAGGC	2	56.087746	-6.503906	FALSE
SW_470	SW	F12	CTGAT	TTAGGC	2	56.087746	-6.503906	FALSE
SW_472	SW	G1	CTGCG	TTAGGC	2	56.087746	-6.503906	FALSE
SW_474	SW	G2	CTGTC	TTAGGC	2	56.087746	-6.503906	FALSE
SW_476	SW	G3	CTTGG	TTAGGC	2	56.087746	-6.503906	FALSE
SW_478	SW	G4	GACAC	TTAGGC	2	56.087746	-6.503906	FALSE
SW_479	SW	G5	GAGAT	TTAGGC	2	56.087746	-6.503906	FALSE
SW_483	SW	G6	GAGTC	TTAGGC	2	56.087746	-6.503906	FALSE
SLD_054	SLD	A1	GCATG	ACAGTG	2	60.44164	-0.65918	FALSE
SLD_056	SLD	A2	AACCA	ACAGTG	2	60.44164	-0.65918	FALSE
SLD_057	SLD	A3	CGATC	ACAGTG	2	60.44164	-0.65918	FALSE
SNO_010	SNO	A4	TCGAT	ACAGTG	2	60.899724	4.042969	FALSE
SNO_015	SNO	A5	TGCAT	ACAGTG	2	60.899724	4.042969	FALSE
NNO_019	NNO	A6	CAACC	ACAGTG	2	65.240607	10.195313	FALSE
NNO_020	NNO	A7	GGTTG	ACAGTG	2	65.240607	10.195313	FALSE
SE_173	SE	A8	AAGGA	ACAGTG	2	56.766273	-1.669922	FALSE
SE_175	SE	A9	AGCTA	ACAGTG	2	56.766273	-1.669922	FALSE
SE_301	SE	A10	ACACA	ACAGTG	2	56.766273	-1.669922	FALSE
SE_307	SE	A11	AATTA	ACAGTG	2	56.766273	-1.669922	FALSE
SE_309	SE	A12	ACGGT	ACAGTG	2	56.766273	-1.669922	FALSE
SE_334	SE	B1	ACTGG	ACAGTG	2	56.766273	-1.669922	FALSE
SE_339	SE	B2	ACTTC	ACAGTG	2	56.766273	-1.669922	FALSE
SE_934	SE	B3	ATACG	ACAGTG	2	56.766273	-1.669922	FALSE
SE_938	SE	B4	ATGAG	ACAGTG	2	56.766273	-1.669922	FALSE
SE_942	SE	B5	ATTAC	ACAGTG	2	56.766273	-1.669922	FALSE
SE_943	SE	B6	CATAT	ACAGTG	2	56.766273	-1.669922	FALSE
SE_947	SE	B7	CGAAT	ACAGTG	2	56.766273	-1.669922	FALSE
SW_843	SW	B8	CGGCT	ACAGTG	2	56.087746	-6.503906	FALSE
SW_853	SW	B9	CGGTA	ACAGTG	2	56.087746	-6.503906	FALSE
SW_856	SW	B10	CGTAC	ACAGTG	2	56.087746	-6.503906	FALSE
SW_858	SW	B11	CGTCG	ACAGTG	2	56.087746	-6.503906	FALSE
SW_861	SW	B12	CTGAT	ACAGTG	2	56.087746	-6.503906	FALSE
SW_863	SW	C1	CTGCG	ACAGTG	2	56.087746	-6.503906	FALSE
SW_865	SW	C2	CTGTC	ACAGTG	2	56.087746	-6.503906	FALSE
NW_759	NW	C3	CTTGG	ACAGTG	2	58.090945	-5.888672	TRUE
NW_764	NW	C4	GACAC	ACAGTG	2	58.090945	-5.888672	TRUE
NE_665	NE	C5	GAGAT	ACAGTG	2	58.034644	-2.834473	TRUE
NE_666	NE	C6	GAGTC	ACAGTG	2	58.034644	-2.834473	TRUE
SLD_058	SLD	E1	GCATG	CAGATC	2	60.44164	-0.65918	FALSE
SLD_059	SLD	E2	AACCA	CAGATC	2	60.44164	-0.65918	FALSE
SLD_060	SLD	E3	CGATC	CAGATC	2	60.44164	-0.65918	FALSE
SNO_018	SNO	E4	TCGAT	CAGATC	2	60.899724	4.042969	FALSE
SNO_019	SNO	E5	TGCAT	CAGATC	2	60.899724	4.042969	FALSE
SNO_020	SNO	E6	CAACC	CAGATC	2	60.899724	4.042969	FALSE
NW_774	NW	E7	GGTTG	CAGATC	2	58.090945	-5.888672	FALSE
NW_779	NW	E8	AAGGA	CAGATC	2	58.090945	-5.888672	FALSE
NW_782	NW	E9	AGCTA	CAGATC	2	58.090945	-5.888672	FALSE
NW_785	NW	E10	ACACA	CAGATC	2	58.090945	-5.888672	FALSE
NW_788	NW	E11	AATTA	CAGATC	2	58.090945	-5.888672	FALSE
SE_962	SE	E12	ACGGT	CAGATC	2	56.766273	-1.669922	FALSE
SE_964	SE	F1	ACTGG	CAGATC	2	56.766273	-1.669922	FALSE
SE_968	SE	F2	ACTTC	CAGATC	2	56.766273	-1.669922	FALSE
SE_976	SE	F3	ATACG	CAGATC	2	56.766273	-1.669922	FALSE
SE_982	SE	F4	ATGAG	CAGATC	2	56.766273	-1.669922	FALSE
SE_989	SE	F5	ATTAC	CAGATC	2	56.766273	-1.669922	FALSE
SE_995	SE	F6	CATAT	CAGATC	2	56.766273	-1.669922	FALSE
ESP_018	ESP	F7	CGAAT	CAGATC	2	42.56056	-8.949167	FALSE
ESP_016	ESP	F8	CGGCT	CAGATC	2	42.56056	-8.949167	TRUE
ESP_017	ESP	F9	CGGTA	CAGATC	2	42.56056	-8.949167	TRUE
SNO_016	SNO	F10	CGTAC	CAGATC	2	60.899724	4.042969	TRUE
SNO_017	SNO	F11	CGTCG	CAGATC	2	60.899724	4.042969	TRUE
SLD_006	SLD	F12	CTGAT	CAGATC	2	60.44164	-0.65918	TRUE
